order_id,region,category,orders,delivery_days,customer_rating,order_date
1001,North,Electronics,12,3.2,4.5,2026-01-05
1002,South,Grocery,18,4.1,4.0,2026-01-06
1003,North,Clothing,9,2.8,4.7,2026-01-07
1004,West,Grocery,15,5.0,3.8,2026-01-08
1005,East,Electronics,11,3.6,4.2,2026-01-09
1006,South,Clothing,7,6.2,3.5,2026-01-10
1007,West,Electronics,14,4.4,4.1,2026-01-11
1008,East,Grocery,20,2.9,4.8,2026-01-12
1009,North,Grocery,16,3.5,4.3,2026-01-13
1010,South,Electronics,10,5.4,3.7,2026-01-14
1011,West,Clothing,8,4.7,4.0,2026-01-15
1012,East,Clothing,13,3.1,4.6,2026-01-16
